Website,Revenue,Source,Description
timberland.com,$1.2m+,$10000+,Blocked or No Tag Found
grainger.com,,$10000+,Blocked or No Tag Found
mcafee.com,$1.9b+,$10000+,#ERROR!
digicert.com,,$10000+,"DigiCert is the leading TLS/SSL Certificate Authority specializing in digital trust solutions through DigiCert ONE, the first platform built for mastering PKI, IoT, DNS, Document, and software trust."
academy.com,,$10000+,"Shop Academy Sports + Outdoors for sporting goods, hunting, fishing and camping equipment. Find recreation and leisure products, footwear, apparel, grills, bikes, g..."
marriott.com,,$10000+,"Book Directly & Save at any of our 9000+ Marriott Bonvoy Hotels. Choose from Luxury Hotels, Resorts, Extended Stay Hotels, Pet-Friendly Hotels & More."
adt.com,$1.4m+,$10000+,Blocked or No Tag Found
walgreens.com,,$10000+,#ERROR!
cabelas.com,$1.5m+,$10000+,Blocked or No Tag Found
patagonia.com,,$10000+,Blocked or No Tag Found
coach.com,$2.0m+,$10000+,Blocked or No Tag Found
converse.com,$1.3m+,$10000+,Blocked or No Tag Found
bose.com,$1.2m+,$10000+,"Experience the latest in sound innovation. Shop Bose headphones, speakers, soundbars, and more, supported by premium customer service. Sound is Power."
costco.com,,$10000+,"Shop Costco.com for electronics, computers, furniture, outdoor living, appliances, jewelry and more. Enjoy low warehouse prices on name-brands products delivered to your door"
asana.com,$547m+,$10000+,"Work anytime, anywhere with Asana. Keep remote and distributed teams, and your entire organization, focused on their goals, projects, and tasks with Asana."
prana.com,$1.3m+,$10000+,"Train, travel, and get outside in prAna. Shop our latest collection of performance and lifestyle apparel today."
sealedair.com,,$10000+,Blocked or No Tag Found
dior.com,$100m+,$10000+,Blocked or No Tag Found
whirlpool.com,,$10000+,#ERROR!
abercrombie.com,,$10000+,Blocked or No Tag Found
netgear.com,$932m+,$10000+,"At NETGEAR we turn ideas into innovative networking products that connect people, power businesses & advance the way we live. Easy to use. Powerful. Smart."
aa.com,,$10000+,Blocked or No Tag Found
sherwin-williams.com,,$10000+,"Discover the possibilities of Sherwin-Williams® paint with over 1700 paint colors. Get paint color tips, project ideas & product advice for DIY and Pros."
chase.com,$1.6m+,$10000+,"Chase online; credit cards, mortgages, commercial banking, auto loans, investing & retirement planning, checking and business banking."
interface.com,$1.3b+,$10000+,"Interface sets the standard for design, sustainability and performance in commercial carpet tile and hard surface flooring, including LVT and nora rubber flooring."
cb2.com,$1.2m+,$10000+,Blocked or No Tag Found
carhartt.com,$1.0m+,$10000+,"Since 1889, Carhartt has been providing the highest quality workwear, outdoor apparel, and gear. Shop now and join the Carhartt workforce today."
avnet.com,,$10000+,Blocked or No Tag Found
ferguson.com,,$10000+,#ERROR!
mountainhardwear.com,$1.4m+,$10000+,Blocked or No Tag Found
kohls.com,,$10000+,Blocked or No Tag Found
staplesadvantage.com,$1.3m+,$10000+,Staples Business (formerly Staples Advantage) experts are dedicated to moving your business forward with products tailored to your workplace & solutions for unique industry needs.
nielsen.com,,$10000+,"A global leader in media measurement, analytics and insights, Nielsen shapes the future of media with accurate measurement of what people listen to and watch worldwide."
generac.com,,$10000+,"Since 1959, Generac Power Systems has been committed to building the most reliable, durable, efficient, and environmentally-friendly generators and power equipment."
mattel.com,,$10000+,"We empower the next generation to explore the wonder of childhood and reach their full potential. Check out our top toys from Barbie, Hot Wheels, Fisher Price and more on Mattel.com!"
calvinklein.us,$877k+,$10000+,#ERROR!
tommybahama.com,$940k+,$10000+,Blocked or No Tag Found
tractorsupply.com,,$10000+,#ERROR!
columbia.com,,$10000+,"Columbia&#x27;s innovative outdoor clothing, footwear, and gear is built to fight back against nature&#x27;s tantrums. Winter Sale - Up to 50% off."
davidyurman.com,$859k+,$10000+,"Shop iconic collections, Cable bracelets, sculptural creations, and innovative ring and necklace designs from America"
thenorthface.com,,$10000+,Blocked or No Tag Found
cadence.com,,$10000+,Blocked or No Tag Found
lakeshorelearning.com,$970k+,$10000+,"Your one-stop teacher supply store! Shop high-quality learning products & teaching resources—plus premium classroom furniture like tables, seating & more!"
michaelkors.com,$1.2m+,$10000+,"Shop the official Michael Kors USA online shop for jet set luxury: designer handbags, watches, shoes, clothing &amp; more. Receive free shipping and returns on your purchase."
weber.com,$1.6b+,$10000+,The world
musiciansfriend.com,$1.1m+,$10000+,#ERROR!
aerogarden.com,$1.2m+,$10000+,Blocked or No Tag Found
buildabear.com,$468m+,$10000+,Error: Connection Failed
philanthropy.com,$10m+,$10000+,"Providing nonprofits and foundations with trustworthy information, actionable insights, and training—with the goal of helping advance their missions."
newark.com,,$10000+,#ERROR!
anixter.com,,$10000+,Blocked or No Tag Found
akc.org,$10m+,$10000+,"The AKC is the recognized and trusted expert in breed, health and training information for dogs."
hallmark.com,$1.2m+,$10000+,Blocked or No Tag Found
brooksrunning.com,$1.1m+,$10000+,Shop superior running shoes and apparel for men and women with free shipping and returns. Your search for great running gear starts and ends with Brooks Running.
carters.com,,$10000+,"Shop for baby clothing, baby necessities and essentials at Carter’s, the most trusted name in baby, kids, and toddler clothing. Shop our selection of cute baby & kids clothing."
landsend.com,$1.6b+,$10000+,Lands
skechers.com,,$10000+,Get 20% off at Skechers! Join our free rewards program for 20% off & free shipping on any order. Guests get $99+ free shipping. Find your perfect pair!
terex.com,,$10000+,Global manufacturer of lifting and material processing products and services delivering lifecycle solutions that maximize customer return on investment.
katespade.com,$1.3m+,$10000+,Blocked or No Tag Found
pepboys.com,$842k+,$10000+,"Looking for a tire shop? Pep Boys offers a wide selection of tires, auto repairs, oil changes, and maintenance services. Visit us today for expert service."
goodyear.com,,$10000+,"Shop a wide selection of tires for Cars, Trucks, SUVs, and Minivans at Goodyear. See current offers and rebates for the best discount tire prices. "
onepeloton.com,,$10000+,"Discover Peloton’s fitness equipment and personalized workout plans. From cardio to strength, find an exercise program that keeps you motivated and on track."
nfm.com,$933k+,$10000+,#ERROR!
miraclegro.com,$1.2m+,$10000+,Blocked or No Tag Found
childrensplace.com,$1.7b+,$10000+,Browse our comfortable baby & kids clothes collection featuring all our stylish and affordable options. Shop now!
tableau.com,$868k+,$10000+,Blocked or No Tag Found
motorola.com,,$10000+,#hellomoto | Discover our new unlocked Android phones from motorola and stay informed about our offers and promotions.
popsugar.com,,$10000+,"PS makes wellness more accessible through real-life stories, first-person perspectives, and expert-backed information. Our staff of journalists and subject-matter experts research, report, and produce articles, videos, and social content that help people feel good about their well-being choices, no matter what they are. Via our core verticals — Health, Fitness, Beauty, Balance, Identity, and Shopping — we help our audience proceed with confidence. "
ortho.com,$1.2m+,$10000+,Blocked or No Tag Found
tumi.com,$2.0m+,$10000+,px-captcha
horizonhobby.com,$1.1m+,$10000+,"Shop the best brands in remote control hobbies with RC airplanes, RC Cars, RC trucks, RC Helicopters, RC boats, RC transmitters, and more from Horizon Hobby."
dormakaba.com,$100m+,$10000+,"From end-to-end access solutions to industry best practices and straightforward installation, we are your complete partner for door and access systems"
columbiasportswear.ca,$874k+,$10000+,"Columbia&#x27;s innovative outdoor clothing, footwear, and gear is built to fight back against nature&#x27;s tantrums. Winter Sale - Up to 40% off."
royalcanin.com,$100m+,$10000+,"Royal Canin specialises in highly tailored nutritional products for your cat or dog&#x27;s needs. We make dry kibble, wet food, and veterinary diets. View our ranges today!"
cvs.com,,$10000+,"Refill and transfer prescriptions online or find a CVS Pharmacy near you. Shop online, see ExtraCare deals, find MinuteClinic locations and more."
usa.tommy.com,,$10000+,Blocked or No Tag Found
maytag.com,,$10000+,#ERROR!
macys.com,,$10000+,Blocked or No Tag Found
luckybrand.com,$602k+,$10000+,"Shop Lucky Brand for a relaxed but put-together style that is uniquely American. Shop quality shirts, jackets, denim jeans, and accessories for both men and women."
globaldata.com,$100m+,$10000+,"Drive better business decisions with GlobalData's next-gen intelligence platform. Leverage unique data, AI, and human expertise to unlock business growth."
madewell.com,$1.1m+,$10000+,Blocked or No Tag Found
monotype.com,$1.1m+,$10000+,"Discover Monotype Fonts, the trusted solution for global font licensing, brand consistency, and scalable typography. Power your brand with the world’s most ic"
underarmour.com.sg,$995k+,$10000+,Blocked or No Tag Found
icebreaker.com,$794k+,$10000+,Blocked or No Tag Found
travismathew.com,$1.0m+,$10000+,"Shop lifestyle essentials & performance golf apparel by TravisMathew. California-inspired Men's and Women's apparel & accessories, for elevated everyday style."
ulta.com,,$10000+,Shop top beauty brands & new arrivals at Ulta Beauty. Join Ulta Beauty Rewards. Free store pickup & curbside available.
nautica.com,$667k+,$10000+,"Nautica, a global lifestyle brand, offers a wide selection of apparel for men, women and kids as well as a large selection of home products, select accessories like watches and small leather goods, fragrance and swimwear."
shoecarnival.com,$1.3b+,$10000+,"Shoe Perks members get free shipping & exclusive rewards! Shop Shoe Carnival for amazing deals on shoes, boots, sandals, & sneakers for the whole family."
womanwithin.com,$692k+,$10000+,Blocked or No Tag Found
ashleyfurniture.com,$1.2m+,$10000+,Shop Ashley furniture for stylish home furnishings in all styles and budgets. Discover a wide range of home furniture and home decor online or in-store!
fisherpaykel.com,$866k+,$10000+,Discover Fisher & Paykel
kennametal.com,$2.1b+,$10000+,"Kennametal is a leading provider of productivity solutions for metalworking, earth cutting, and wear components, coatings, and powders."
cochlear.com,$100m+,$10000+,Cochlear is a leader in hearing device implants that help to restore hearing and connect people to a world of sound. Start your hearing journey today!
jcrew.com,$1.1m+,$10000+,Blocked or No Tag Found
calvinklein.ca,,$10000+,#ERROR!
aeropostale.com,$486k+,$10000+,Shop Aeropostale for men and women
penfed.org,,$10000+,#ERROR!
aldi.us,$100m+,$10000+,Shop at ALDI for low prices on quality groceries. Online grocery shopping for pickup and delivery made easy.
bigfishgames.com,,$10000+,Blocked or No Tag Found
lifetouch.com,$1.1m+,$10000+,Lifetouch is the largest and most trusted family and school photography company in the country. We believe that every picture tells a story and that life is about making memories and sharing them with others.
